<?xml version="1.0" encoding="UTF-8"?><?xml-stylesheet type='text/xsl' href='_UpgradeReport_Files/UpgradeReport.xslt'?><UpgradeLog>
<Properties><Property Name="Solution" Value="LFSLapper">
</Property><Property Name="Solution File" Value="D:\Dev\DevInsim\lapper\Copie de LFSLapper\LFSLapper\src\LFSLapper.sln">
</Property><Property Name="Date" Value="mercredi 10 février 2010">
</Property><Property Name="Time" Value="18:39">
</Property></Properties><Event ErrorLevel="0" Project="LFSLapper" Source="LFSLapper.csproj" Description="Project converted successfully">
</Event><Event ErrorLevel="3" Project="LFSLapper" Source="LFSLapper.csproj" Description="Converted">
</Event><Event ErrorLevel="0" Project="" Source="LFSLapper.sln" Description="Solution converted successfully">
</Event><Event ErrorLevel="3" Project="" Source="LFSLapper.sln" Description="Converted">
</Event><Event ErrorLevel="0" Project="LFSLapper" Source="LFSLapper.csproj" Description="Scan complete: Upgrade not required for project files.">
</Event></UpgradeLog>